<?xml version="1.0" encoding="UTF-8" standalone="yes"?>
<addon id="plugin.video.nosjournaal" name="NOS journaal" version="1.0.0" provider-name="Kingmob">
  <requires>
    <import addon="xbmc.python" version="2.1.0"/>
    <import addon="script.module.streamlink" version="0.2.0"/>
    <import addon="script.module.requests" version="2.12.4"/>
    <import addon="script.module.beautifulsoup4" version="4.3.2"/>
  </requires>
  <extension point="xbmc.python.pluginsource" library="addon.py">
    <provides>video</provides>
  </extension>
  <extension point="xbmc.addon.metadata">
    <summary lang="en_gb">List and play nos journaals of today</summary>
    <description lang="en_gb">Lists and plays all the latest journaals from nos</description>
    <disclaimer lang="en_gb"></disclaimer>
    <language></language>
    <platform>all</platform>
    <license> GNU GENERAL PUBLIC LICENSE v3</license>
    <forum></forum>
    <website>https://github.com/sophof/plugin.video.nosjournaal</website>
    <email></email>
    <source></source>
    <news></news>
    <assets>
        <icon></icon>
        <fanart></fanart>
        <screenshot></screenshot>
    </assets>
  </extension>
</addon>
